Eartag,Genotype,Injected (vol. 200 ul),Injected on,Collected on,Collected (wks),Lung wt. ,Pancreas wt.,Spleen wt.,Liver wt.,Comments,,,,,,,,,
SK1701,C57B6/129S F1,BF2117,9-28-2021,10/21/21,3.286,0.6329,0.1784,0.0617,0.7557,,,,,,,,,,
SK1702,C57B6/129S F1,BF2117,9-28-2021,10/21/21,3.286,0.6556,0.2181,0.0831,0.9889,,,,,,,,,,
SK1703,C57B6/129S F1,BF2117,9-28-2021,10/21/21,3.286,0.3639,0.1612,0.0837,0.9804,,,,,,,,,,
SK1704,C57B6/129S F1,BF2117,9-28-2021,10/21/21,3.286,0.5905,0.1542,0.075,0.7893,,,,,,,,,,
SK1705,C57B6/129S F1,BF2153,9-28-2021,10/21/21,3.286,0.6113,0.314,0.0572,0.7504,,,,,,,,,,
SK1706,C57B6/129S F1,BF2153,9-28-2021,10/21/21,3.286,0.514,0.3206,0.0982,0.8129,,,,,,,,,,
SK1707,C57B6/129S F1,BF2153,9-28-2021,10/21/21,3.286,0.5366,0.168,0.0758,1.2517,,,,,,,,,,
SK1708,C57B6/129S F1,BF2153,9-28-2021,10/21/21,3.286,0.624,0.2072,0.0818,1.1321,,,,,,,,,,
SK1709,C57B6/129S F1,BF1987,9-28-2021,10/21/21,3.286,0.657,NA,0.077,NA,Found dead,,,,,,,,,
SK1710,C57B6/129S F1,BF1987,9-28-2021,10/21/21,3.286,0.79,0.0228,0.057,0.505,"Found dead, only part of the pancreas",,,,,,,,,
SK1711,C57B6/129S F1,BF1987,9-28-2021,10/21/21,3.286,0.4571,NA,0.0387,NA,"Found dead, met to peritoneum",,,,,,,,,
SK1712,C57B6/129S F1,BF1987,9-28-2021,10/19/21,3.000,0.54,NA,NA,0.67,"Found dead, metastasis to heart ",,,,,,,,,
SK1713,C57B6/129S F1,BF857,9-28-2021,10/21/21,3.286,0.6719,0.1802,0.061,0.6944,,,,,,,,,,
SK1714,C57B6/129S F1,BF857,9-28-2021,10/21/21,3.286,0.7374,0.1561,0.0472,0.5688,,,,,,,,,,
SK1715,C57B6/129S F1,BF857,9-28-2021,10/21/21,3.286,0.6117,0.143,0.0512,0.6458,peritoneal met,,,,,,,,,
SK1716,C57B6/129S F1,0688M,9-28-2021,10/21/21,3.286,0.5974,0.302,0.0798,1.2324,,,,,,,,,,
SK1717,C57B6/129S F1,0688M,9-28-2021,10/21/21,3.286,0.3918,0.2295,0.0935,1.3687,,,,,,,,,,
SK1718,C57B6/129S F1,0688M,9-28-2021,10/21/21,3.286,0.8696,0.2072,0.0575,0.7609,Met to fat,,,,,,,,,
SK1719,C57B6/129S F1,0688M,9-28-2021,10/21/21,3.286,0.1973,0.2691,0.0757,0.5015,,,,,,,,,,
SK1720,C57B6/129S F1,0764P,9-28-2021,10/21/21,3.286,0.4375,0.2584,0.0211,0.9707,,,,,,,,,,
SK1721,C57B6/129S F1,0764P,9-28-2021,10/21/21,3.286,0.3143,0.3545,0.0945,1.2885,,,,,,,,,,
SK1722,C57B6/129S F1,0764P,9-28-2021,10/21/21,3.286,0.4619,0.2533,0.0802,1.0411,,,,,,,,,,
SK1723,C57B6/129S F1,0764P,9-28-2021,10/21/21,3.286,0.3237,0.356,0.0704,1.0713,,,,,,,,,,
SK1724,C57B6/129S F1,0755P,9-28-2021,10/21/21,3.286,0.6742,0.1681,0.0434,0.7313,,,,,,,,,,
SK1725,C57B6/129S F1,0755P,9-28-2021,10/21/21,3.286,0.7261,0.1805,0.0574,0.7029,"kidney, peritoneal met",,,,,,,,,
SK1726,C57B6/129S F1,0755P,9-28-2021,10/19/21,3.000,0.536,0.368,0.07,1.175,,,,,,,,,,
SK1727,C57B6/129S F1,0755A,9-28-2021,10/19/21,3.000,0.87,0.122,0.06,0.76,Diaphragm met,,,,,,,,,
SK1728,C57B6/129S F1,0755A,9-28-2021,10/19/21,3.000,0.88,0.108,0.05,0.703,about to die when tissues were collected,,,,,,,,,
SK1729,C57B6/129S F1,0755A,9-28-2021,10/19/21,3.000,0.86,0.115,0.032,0.516,about to die when tissues were collected,,,,,,,,,
SK1730,C57B6/129S F1,0755A,9-28-2021,10/19/21,3.000,0.86,0.131,0.08,1.13,,,,,,,,,,
SK1731,C57B6/129S F1,2838c3,10-20-21,11/08/21,2.714,0.78,0.151,0.03,0.67,collected from a dead mouse ,,,,,,,,,
SK1732,C57B6/129S F1,2838c3,10-20-21,11/08/21,2.714,0.919,NA,NA,NA,dead on 11/7/2021,,,,,,,,,
SK1733,C57B6/129S F1,2838c3,10-20-21,11/08/21,2.714,0.957,NA,NA,NA,dead on 11/7/2022,,,,,,,,,
SK1734,C57B6/129S F1,7160c2,10-20-21,11/08/21,2.714,0.727,0.228,0.658,0.9221,,,,,,,,,,
SK1735,C57B6/129S F1,7160c2,10-20-21,11/08/21,2.714,0.638,0.254,0.05,0.873,,,,,,,,,,
SK1736,C57B6/129S F1,7160c2,10-20-21,11/09/21,2.857,0.791,0.2164,0.0697,1.017,,,,,,,,,,
SK1737,C57B6/129S F1,7160c5,10-20-21,11/09/21,2.857,0.458,0.206,0.0705,1.0067,,,,,,,,,,
SK1738,C57B6/129S F1,7160c5,10-20-21,11/09/21,2.857,0.5204,0.2196,0.078,1.0253,,,,,,,,,,
SK1739,C57B6/129S F1,7160c5,10-20-21,11/09/21,2.857,0.4155,0.272,0.082,1.0793,,,,,,,,,,
SK1740,C57B6/129S F1,6421c2,10-20-21,11/08/21,2.714,0.613,NA,NA,NA,Dead on 11/07,,,,,,,,,
SK1741,C57B6/129S F1,6421c2,10-20-21,11/09/21,2.857,0.6851,0.1261,0.0777,0.72,,,,,,,,,,
SK1742,C57B6/129S F1,6421c2,10-20-21,11/09/21,2.857,0.7048,0.1542,0.0905,0.7178,,,,,,,,,,
SK1743,C57B6/129S F1,6422c5,10-20-21,11/09/21,2.857,0.4912,0.255,0.0726,0.8205,,,,,,,,,,
SK1744,C57B6/129S F1,6422c5,10-20-21,11/09/21,2.857,0.3768,0.2226,0.0555,1.0053,,,,,,,,,,
SK1745,C57B6/129S F1,6422c5,10-20-21,11/09/21,2.857,0.5488,0.25,0.0961,1.0842,,,,,,,,,,
SK1746,C57B6/129S F1,6499c4,10-20-21,11/08/21,2.714,0.4964,0.1226,0.711,0.8279,,,,,,,,,,
SK1747,C57B6/129S F1,6499c4,10-20-21,11/08/21,2.714,0.81,0.2195,0.0556,0.806,,,,,,,,,,
SK1748,C57B6/129S F1,6499c4,10-20-21,11/08/21,2.714,0.714,0.171,0.05,0.718,,,,,,,,,,
SK1749,C57B6/129S F1,6694c2,10-20-21,11/4/21,2.143,NA,NA,NA,NA,Dead on 11/4/21,,,,,,,,,
SK1750,C57B6/129S F1,6694c2,10-20-21,11/4/21,2.143,NA,NA,NA,NA,Dead on 11/4/21,,,,,,,,,
SK1751,C57B6/129S F1,6694c2,10-20-21,11/4/21,2.143,NA,NA,NA,NA,Dead on 11/4/21,,,,,,,,,
SK1752,C57B6/129S F1,6419c5,10-20-21,11/08/21,2.714,0.733,NA,NA,NA,Dead on 11/07,,,,,,,,,
SK1753,C57B6/129S F1,6419c5,10-20-21,11/6/21,2.429,NA,NA,NA,NA,Dead on 11/6/21,,,,,,,,,
SK1754,C57B6/129S F1,6419c5,10-20-21,11/08/21,2.714,0.913,NA,NA,NA,Dead on 11/07,,,,,,,,,
SK1755,C57B6/129S F1,UN-KPC-960,10-20-21,11/08/21,2.714,0.368,0.21,0.067,1.08,was sick,,,,,,,,,
SK1756,C57B6/129S F1,UN-KPC-960,10-20-21,11/09/21,2.857,0.2009,0.3081,0.0797,1.1769,,,,,,,,,,
SK1757,C57B6/129S F1,UN-KPC-960,10-20-21,11/09/21,2.857,0.235,0.2398,0.0483,0.911,,,,,,,,,,
SK1758,C57B6/129S F1,UN-KPC-961,10-20-21,11/09/21,2.857,0.201,0.2784,0.0701,1.007,,,,,,,,,,
SK1759,C57B6/129S F1,UN-KPC-961,10-20-21,11/09/21,2.857,0.244,0.2545,0.0516,0.8812,,,,,,,,,,
SK1760,C57B6/129S F1,UN-KPC-961,10-20-21,11/09/21,2.857,0.2831,0.2385,0.0743,0.9705,,,,,,,,,,
SK1761,,BF2014,11-19-2021,12/09/21,2.857,0.743,0.119,0.061,0.849,Fat met ,,,,,,,,,
SK1762,C57B6/129S F1,BF2014,11-19-2021,12/09/21,2.857,0.6361,0.1643,0.071,0.874,,,,,,,,,,
SK1763,,BF2014,11-19-2021,12/09/21,2.857,0.567,0.1996,0.0763,1.0416,,,,,,,,,,
SK1764,,BF1836,11-19-2021,12/09/21,2.857,0.8314,0.1438,0.0643,0.7246,,,,,,,,,,
SK1765,C57B6/129S F1,BF1836,11-19-2021,12/09/21,2.857,0.7737,0.1412,0.0661,0.7583,,,,,,,,,,
SK1766,,BF1836,11-19-2021,12/09/21,2.857,0.6583,0.1609,0.0346,0.6027,,,,,,,,,,
SK1767,,BF5960,11-19-2021,12/09/21,2.857,0.8785,0.117,0.0513,0.7523,,,,,,,,,,
SK1768,C57B6/129S F1,BF5960,11-19-2021,12/09/21,2.857,0.5628,0.2341,0.0735,0.9162,peritoneal met,,,,,,,,,
SK1769,,BF5960,11-19-2021,12/09/21,2.857,0.9089,0.1041,0.0418,0.599,,,,,,,,,,
SK1770,,BF4326,11-19-2021,12/09/21,2.857,0.1474,0.2639,0.06,1.1149,Fat met,,,,,,,,,
SK1771,C57B6/129S F1,BF4326,11-19-2021,12/09/21,2.857,0.211,0.3053,0.0688,1.1232,,,,,,,,,,
SK1772,,BF4326,11-19-2021,12/09/21,2.857,0.3183,0.3667,0.072,1.399,,,,,,,,,,
SK1773,,KPC-JH,11-19-2021,12/07/2021,2.571,0.744,N/A,N/A,N/A,Dead on 7 Dec 2021,,,,,,,,,
SK1774,C57B6/129S F1,KPC-JH,11-19-2021,12/09/21,2.857,0.7845,0.1727,0.0383,0.6757,,,,,,,,,,
SK1775,,KPC-JH,11-19-2021,12/07/2021,2.571,0.923,N/A,N/A,N/A,Dead on 7 Dec 2021,,,,,,,,,
SK1776,,Panc02,11-19-2021,12/09/21,2.857,0.2658,0.2921,0.0785,1.3158,,,,,,,,,,
SK1778,C57B6/129S F1,Panc02,11-19-2021,12/09/21,2.857,0.3635,0.2683,0.1182,1.5643,,,,,,,,,,
SK1779,,Panc02,11-19-2021,12/09/21,2.857,0.1785,0.3697,0.0753,1.3267,,,,,,,,,,
SK1780,C57B6/129S F1,mT5-2D,11-23-2021,12/14/21,3.000,0.448,0.3655,0.09,1.71,liver met maybe ,,,,,,,,,
SK1781,C57B6/129S F1,mT5-2D,11-23-2021,12/14/21,3.000,0.363,0.409,0.097,1.77,,,,,,,,,,
SK1782,C57B6/129S F1,mT5-2D,11-23-2021,12/14/21,3.000,0.2746,0.2764,0.0735,1.0326,,,,,,,,,,
SK1783,C57B6/129S F1,mT3-2D,11-23-2021,12/14/21,3.000,0.1907,0.2293,0.0641,1.1764,,,,,,,,,,
SK1784,C57B6/129S F1,mT3-2D,11-23-2021,12/14/21,3.000,0.2697,0.2698,0.0692,0.9026,,,,,,,,,,
SK1785,C57B6/129S F1,mT3-2D,11-23-2021,12/14/21,3.000,0.2866,0.2391,0.0528,0.9364,,,,,,,,,,
SK1786,C57B6/129S F1,mT4-2D,11-23-2021,12/14/21,3.000,0.6069,0.1766,0.052,0.7777,,,,,,,,,,
SK1787,C57B6/129S F1,mT4-2D,11-23-2021,12/14/21,3.000,0.4453,0.295,0.0624,1.0803,,,,,,,,,,
SK1788,C57B6/129S F1,mT4-2D,11-23-2021,12/14/21,3.000,0.6277,0.3096,0.0812,1.0821,Abnormal liver (check histology),,,,,,,,,
SK1789,C57B6/129S F1,FC1242,11-23-2021,12/14/21,3.000,0.5,0.3562,0.0708,1.1458,,,,,,,,,,
SK1790,C57B6/129S F1,FC1242,11-23-2021,12/14/21,3.000,0.4439,0.3608,0.0821,1.556,,,,,,,,,,
SK1791,C57B6/129S F1,FC1242,11-23-2021,12/14/21,3.000,0.5423,0.2707,0.0907,1.2341,,,,,,,,,,
SK1792,C57B6/129S F1,FC1199,11-23-2021,12/14/21,3.000,0.3544,0.2661,0.0613,1.2513,,,,,,,,,,
SK1793,C57B6/129S F1,FC1199,11-23-2021,12/14/21,3.000,0.2481,0.252,0.0584,1.075,,,,,,,,,,
SK1794,C57B6/129S F1,FC1199,11-23-2021,12/14/21,3.000,0.272,0.2849,0.609,1.1376,,,,,,,,,,
SK1795,C57B6/129S F1,FC1245,11-23-2021,12/14/21,3.000,0.8699,N/A,N/A,N/A,Found dead on 14 Dec 2021,,,,,,,,,
SK1796,C57B6/129S F1,FC1245,11-23-2021,12/14/21,3.000,0.8112,N/A,N/A,N/A,Found dead 0n 14 Dec 2021,,,,,,,,,
SK1797,C57B6/129S F1,FC1245,11-23-2021,12/13/21,2.857,0.904,0.144,0.075,0.71,"dead on 13 Dec 2021, part of pancreas collected ",,,,,,,,,
SK1798,C57B6/129S F1,BF1987*,01/24/2022,02/15/2022,3.143,0.3148,0.3314,0.0925,1.1795,peritoneal met ,,,,,,,,,
SK1799,C57B6/129S F1,BF1987*,01/24/2022,02/15/2022,3.143,0.3789,0.228,0.0879,1.2036,,,,,,,,,,
SK1800,C57B6/129S F1,BF1987*,01/24/2022,02/15/2022,3.143,0.4286,0.235,0.0928,1.2151,"fat met, lymph node met ",,,,,,,,,
SK1801,C57B6/129S F1,0688M*,01/24/2022,02/13/2022,2.857,N/A,N/A,N/A,N/A,Died on 13 feb 2022,,,,,,,,,
SK1802,C57B6/129S F1,0688M*,01/24/2022,02/15/2022,3.143,0.293,0.2177,0.0803,0.7753,"peritoneal met, fat met, maybe heart",,,,,,,,,
SK1803,C57B6/129S F1,0688M*,01/24/2022,02/15/2022,3.143,0.5803,0.1484,0.0751,1.0531,kidney = 0.222,,,,,,,,,
SK1804,C57B6/129S F1,2838c3*,01/24/2022,02/15/2022,3.143,0.703,0.226,0.07,0.906,,,,,,,,,,
SK1805,C57B6/129S F1,2838c3*,01/24/2022,02/15/2022,3.143,0.894,0.326,0.1,1.434,,,,,,,,,,
SK1806,C57B6/129S F1,2838c3*,01/24/2022,02/15/2022,3.143,0.6973,0.2695,0.073,0.7805,,,,,,,,,,
SK1807,C57B6/129S F1,FC1245*,01/24/2022,02/15/2022,3.143,0.9287,0.1196,0.0597,0.8048,died on 15 feb 2022 before euthanasia ,,,,,,,,,
SK1808,C57B6/129S F1,FC1245*,01/24/2022,02/13/2022,2.857,0.906,N/A,N/A,N/A,died on 13 feb 2022 ,,,,,,,,,
SK1809,C57B6/129S F1,FC1245*,01/24/2022,02/15/2022,3.143,0.8076,0.1457,0.0703,0.6,kidney = 0.1316,,,,,,,,,
SK1810,C57B6/129S F1,6419c5*,01/24/2022,02/15/2022,3.143,0.784,0.36,0.09,1.062,,,,,,,,,,
SK1811,C57B6/129S F1,6419c5*,01/24/2022,02/15/2022,3.143,0.687,0.2243,0.072,0.798,,,,,,,,,,
SK1812,C57B6/129S F1,6419c5*,01/24/2022,02/15/2022,3.143,0.2774,0.46,0.1205,1.2872,kidney met,,,,,,,,,
SK1813,C57B6/129S F1,6694c2*,01/24/2022,02/15/2022,3.143,0.8913,0.1703,0.0576,0.6643,,,,,,,,,,
SK1814,C57B6/129S F1,6694c2*,01/24/2022,02/15/2022,3.143,1.0688,0.2054,0.047,0.6836,,,,,,,,,,
SK1815,C57B6/129S F1,6694c2*,01/24/2022,02/15/2022,3.143,0.7771,0.1654,0.0754,0.734,,,,,,,,,,
SK1816,C57B6/129S F1,KPC-JH*,01/24/2022,02/15/2022,3.143,0.418,0.3214,0.1021,1.717,,,,,,,,,,
SK1817,C57B6/129S F1,KPC-JH*,01/24/2022,02/15/2022,3.143,0.7471,0.1806,0.0786,0.7882,kidney = 0.168 (check histology),,,,,,,,,
SK1818,C57B6/129S F1,KPC-JH*,01/24/2022,02/15/2022,3.143,0.5905,0.1632,0.111,0.7863,,,,,,,,,,
SK1819,C57B6/129S F1,0755A*,01/24/2022,02/15/2022,3.143,0.5792,0.1664,0.0488,0.8131,,,,,,,,,,
SK1820,C57B6/129S F1,0755A*,01/24/2022,02/15/2022,3.143,0.3205,0.2613,0.0866,1.1234,,,,,,,,,,
SK1821,C57B6/129S F1,0755A*,01/24/2022,02/15/2022,3.143,0.551,0.309,0.06,0.847,,,,,,,,,,
SK1822,C57B6/129S F1,UN-KC-6141,01/24/2022,02/15/2022,3.143,N/A,N/A,N/A,N/A,died on 14 feb 22,,,,,,,,,
SK1823,C57B6/129S F1,UN-KC-6141,01/24/2022,02/15/2022,3.143,1.0866,0.1861,0.0376,0.78,,,,,,,,,,
SK1824,C57B6/129S F1,UN-KC-6141,01/24/2022,02/13/2022,2.857,0.684,0.1325,0.027,0.459,"peritoneal met, was sick, tissue collected on 13 feb ",,,,,,,,,
,,,,,,,,,,,,,,,,,,,
,,,,,,,,,,,,,,,,,,,
,,,,,,,,,,,,,,,,,,,
,,,,,,,,,,,,,,,,,,,
,,,,,,,,,,,,,,,,,,,
,,,,,,,,,,,,,,,,,,,
,,,,,,,,,,,,,,,,,,,
,,,,,,,,,,,,,,,,,,,
,,,,,,,,,,,,,,,,,,,
,,,,,,,,,,,,,,,,,,,
,,,,,,,,,,,,,,,,,,,
,,,,,,,,,,,,,,,,,,,
,,,,,,,,,,,,,,,,,,,
,,,,,,,,,,,,,,,,,,,
,,,,,,,,,,,,,,,,,,,
,,,,,,,,,,,,,,,,,,,
,,,,,,,,,,,,,,,,,,,
,,,,,,,,,,,,,,,,,,,
,,,,,,,,,,,,,,,,,,,
,,,,,,,,,,,,,,,,,,,
,,,,,,,,,,,,,,,,,,,
,,,,,,,,,,,,,,,,,,,
,,,,,,,,,,,,,,,,,,,
,,,,,,,,,,,,,,,,,,,
,,,,,,,,,,,,,,,,,,,
,,,,,,,,,,,,,,,,,,,
,,,,,,,,,,,,,,,,,,,
,,,,,,,,,,,,,,,,,,,
,,,,,,,,,,,,,,,,,,,
,,,,,,,,,,,,,,,,,,,
,,,,,,,,,,,,,,,,,,,
,,,,,,,,,,,,,,,,,,,
,,,,,,,,,,,,,,,,,,,
,,,,,,,,,,,,,,,,,,,
,,,,,,,,,,,,,,,,,,,
,,,,,,,,,,,,,,,,,,,
,,,,,,,,,,,,,,,,,,,
,,,,,,,,,,,,,,,,,,,
,,,,,,,,,,,,,,,,,,,
,,,,,,,,,,,,,,,,,,,
,,,,,,,,,,,,,,,,,,,
,,,,,,,,,,,,,,,,,,,
,,,,,,,,,,,,,,,,,,,
,,,,,,,,,,,,,,,,,,,
,,,,,,,,,,,,,,,,,,,
,,,,,,,,,,,,,,,,,,,
,,,,,,,,,,,,,,,,,,,
,,,,,,,,,,,,,,,,,,,
,,,,,,,,,,,,,,,,,,,
,,,,,,,,,,,,,,,,,,,
,,,,,,,,,,,,,,,,,,,
,,,,,,,,,,,,,,,,,,,
,,,,,,,,,,,,,,,,,,,
,,,,,,,,,,,,,,,,,,,
,,,,,,,,,,,,,,,,,,,
,,,,,,,,,,,,,,,,,,,
,,,,,,,,,,,,,,,,,,,
,,,,,,,,,,,,,,,,,,,
,,,,,,,,,,,,,,,,,,,
,,,,,,,,,,,,,,,,,,,
,,,,,,,,,,,,,,,,,,,
,,,,,,,,,,,,,,,,,,,
,,,,,,,,,,,,,,,,,,,
,,,,,,,,,,,,,,,,,,,
,,,,,,,,,,,,,,,,,,,
,,,,,,,,,,,,,,,,,,,
,,,,,,,,,,,,,,,,,,,
,,,,,,,,,,,,,,,,,,,
,,,,,,,,,,,,,,,,,,,
,,,,,,,,,,,,,,,,,,,
,,,,,,,,,,,,,,,,,,,
,,,,,,,,,,,,,,,,,,,
,,,,,,,,,,,,,,,,,,,
,,,,,,,,,,,,,,,,,,,
,,,,,,,,,,,,,,,,,,,
,,,,,,,,,,,,,,,,,,,
,,,,,,,,,,,,,,,,,,,
,,,,,,,,,,,,,,,,,,,
,,,,,,,,,,,,,,,,,,,
,,,,,,,,,,,,,,,,,,,
,,,,,,,,,,,,,,,,,,,
,,,,,,,,,,,,,,,,,,,
,,,,,,,,,,,,,,,,,,,
,,,,,,,,,,,,,,,,,,,
,,,,,,,,,,,,,,,,,,,
,,,,,,,,,,,,,,,,,,,
,,,,,,,,,,,,,,,,,,,
,,,,,,,,,,,,,,,,,,,
,,,,,,,,,,,,,,,,,,,
,,,,,,,,,,,,,,,,,,,
,,,,,,,,,,,,,,,,,,,
,,,,,,,,,,,,,,,,,,,
,,,,,,,,,,,,,,,,,,,
,,,,,,,,,,,,,,,,,,,
,,,,,,,,,,,,,,,,,,,
,,,,,,,,,,,,,,,,,,,
,,,,,,,,,,,,,,,,,,,
,,,,,,,,,,,,,,,,,,,
,,,,,,,,,,,,,,,,,,,
,,,,,,,,,,,,,,,,,,,
,,,,,,,,,,,,,,,,,,,
,,,,,,,,,,,,,,,,,,,
,,,,,,,,,,,,,,,,,,,
,,,,,,,,,,,,,,,,,,,
,,,,,,,,,,,,,,,,,,,
,,,,,,,,,,,,,,,,,,,
,,,,,,,,,,,,,,,,,,,
,,,,,,,,,,,,,,,,,,,
,,,,,,,,,,,,,,,,,,,
,,,,,,,,,,,,,,,,,,,
,,,,,,,,,,,,,,,,,,,
,,,,,,,,,,,,,,,,,,,
,,,,,,,,,,,,,,,,,,,
,,,,,,,,,,,,,,,,,,,
,,,,,,,,,,,,,,,,,,,
,,,,,,,,,,,,,,,,,,,
,,,,,,,,,,,,,,,,,,,
,,,,,,,,,,,,,,,,,,,
,,,,,,,,,,,,,,,,,,,
,,,,,,,,,,,,,,,,,,,
,,,,,,,,,,,,,,,,,,,
,,,,,,,,,,,,,,,,,,,
,,,,,,,,,,,,,,,,,,,
,,,,,,,,,,,,,,,,,,,
,,,,,,,,,,,,,,,,,,,
,,,,,,,,,,,,,,,,,,,
,,,,,,,,,,,,,,,,,,,
,,,,,,,,,,,,,,,,,,,
,,,,,,,,,,,,,,,,,,,
,,,,,,,,,,,,,,,,,,,
,,,,,,,,,,,,,,,,,,,
,,,,,,,,,,,,,,,,,,,
,,,,,,,,,,,,,,,,,,,
,,,,,,,,,,,,,,,,,,,
,,,,,,,,,,,,,,,,,,,
,,,,,,,,,,,,,,,,,,,
,,,,,,,,,,,,,,,,,,,
,,,,,,,,,,,,,,,,,,,
,,,,,,,,,,,,,,,,,,,
,,,,,,,,,,,,,,,,,,,
,,,,,,,,,,,,,,,,,,,
,,,,,,,,,,,,,,,,,,,
,,,,,,,,,,,,,,,,,,,
,,,,,,,,,,,,,,,,,,,
,,,,,,,,,,,,,,,,,,,
,,,,,,,,,,,,,,,,,,,
,,,,,,,,,,,,,,,,,,,
,,,,,,,,,,,,,,,,,,,
,,,,,,,,,,,,,,,,,,,
,,,,,,,,,,,,,,,,,,,
,,,,,,,,,,,,,,,,,,,
,,,,,,,,,,,,,,,,,,,
,,,,,,,,,,,,,,,,,,,
,,,,,,,,,,,,,,,,,,,
,,,,,,,,,,,,,,,,,,,
,,,,,,,,,,,,,,,,,,,
,,,,,,,,,,,,,,,,,,,
,,,,,,,,,,,,,,,,,,,
,,,,,,,,,,,,,,,,,,,
,,,,,,,,,,,,,,,,,,,
,,,,,,,,,,,,,,,,,,,
,,,,,,,,,,,,,,,,,,,
,,,,,,,,,,,,,,,,,,,
,,,,,,,,,,,,,,,,,,,
,,,,,,,,,,,,,,,,,,,
,,,,,,,,,,,,,,,,,,,
,,,,,,,,,,,,,,,,,,,
,,,,,,,,,,,,,,,,,,,
,,,,,,,,,,,,,,,,,,,
,,,,,,,,,,,,,,,,,,,
,,,,,,,,,,,,,,,,,,,
,,,,,,,,,,,,,,,,,,,
,,,,,,,,,,,,,,,,,,,
,,,,,,,,,,,,,,,,,,,
,,,,,,,,,,,,,,,,,,,
,,,,,,,,,,,,,,,,,,,
,,,,,,,,,,,,,,,,,,,
,,,,,,,,,,,,,,,,,,,
,,,,,,,,,,,,,,,,,,,
,,,,,,,,,,,,,,,,,,,
,,,,,,,,,,,,,,,,,,,
,,,,,,,,,,,,,,,,,,,
,,,,,,,,,,,,,,,,,,,
,,,,,,,,,,,,,,,,,,,
,,,,,,,,,,,,,,,,,,,
,,,,,,,,,,,,,,,,,,,
,,,,,,,,,,,,,,,,,,,
,,,,,,,,,,,,,,,,,,,
,,,,,,,,,,,,,,,,,,,
,,,,,,,,,,,,,,,,,,,
,,,,,,,,,,,,,,,,,,,
,,,,,,,,,,,,,,,,,,,
,,,,,,,,,,,,,,,,,,,
,,,,,,,,,,,,,,,,,,,
,,,,,,,,,,,,,,,,,,,
,,,,,,,,,,,,,,,,,,,
,,,,,,,,,,,,,,,,,,,
,,,,,,,,,,,,,,,,,,,
,,,,,,,,,,,,,,,,,,,
,,,,,,,,,,,,,,,,,,,
,,,,,,,,,,,,,,,,,,,
,,,,,,,,,,,,,,,,,,,
,,,,,,,,,,,,,,,,,,,
,,,,,,,,,,,,,,,,,,,
,,,,,,,,,,,,,,,,,,,
,,,,,,,,,,,,,,,,,,,
,,,,,,,,,,,,,,,,,,,
,,,,,,,,,,,,,,,,,,,
,,,,,,,,,,,,,,,,,,,
,,,,,,,,,,,,,,,,,,,
,,,,,,,,,,,,,,,,,,,
,,,,,,,,,,,,,,,,,,,
,,,,,,,,,,,,,,,,,,,
,,,,,,,,,,,,,,,,,,,
,,,,,,,,,,,,,,,,,,,
,,,,,,,,,,,,,,,,,,,
,,,,,,,,,,,,,,,,,,,
,,,,,,,,,,,,,,,,,,,
,,,,,,,,,,,,,,,,,,,
,,,,,,,,,,,,,,,,,,,
,,,,,,,,,,,,,,,,,,,
,,,,,,,,,,,,,,,,,,,
,,,,,,,,,,,,,,,,,,,
,,,,,,,,,,,,,,,,,,,
,,,,,,,,,,,,,,,,,,,
,,,,,,,,,,,,,,,,,,,
,,,,,,,,,,,,,,,,,,,
,,,,,,,,,,,,,,,,,,,
,,,,,,,,,,,,,,,,,,,
,,,,,,,,,,,,,,,,,,,
,,,,,,,,,,,,,,,,,,,
,,,,,,,,,,,,,,,,,,,
,,,,,,,,,,,,,,,,,,,
,,,,,,,,,,,,,,,,,,,
,,,,,,,,,,,,,,,,,,,
,,,,,,,,,,,,,,,,,,,
,,,,,,,,,,,,,,,,,,,
,,,,,,,,,,,,,,,,,,,
,,,,,,,,,,,,,,,,,,,
,,,,,,,,,,,,,,,,,,,
,,,,,,,,,,,,,,,,,,,
,,,,,,,,,,,,,,,,,,,
,,,,,,,,,,,,,,,,,,,
,,,,,,,,,,,,,,,,,,,
,,,,,,,,,,,,,,,,,,,
,,,,,,,,,,,,,,,,,,,
,,,,,,,,,,,,,,,,,,,
,,,,,,,,,,,,,,,,,,,
,,,,,,,,,,,,,,,,,,,
,,,,,,,,,,,,,,,,,,,
,,,,,,,,,,,,,,,,,,,
,,,,,,,,,,,,,,,,,,,
,,,,,,,,,,,,,,,,,,,
,,,,,,,,,,,,,,,,,,,
,,,,,,,,,,,,,,,,,,,
,,,,,,,,,,,,,,,,,,,
,,,,,,,,,,,,,,,,,,,
,,,,,,,,,,,,,,,,,,,
,,,,,,,,,,,,,,,,,,,
,,,,,,,,,,,,,,,,,,,
,,,,,,,,,,,,,,,,,,,
,,,,,,,,,,,,,,,,,,,
,,,,,,,,,,,,,,,,,,,
,,,,,,,,,,,,,,,,,,,
,,,,,,,,,,,,,,,,,,,
,,,,,,,,,,,,,,,,,,,
,,,,,,,,,,,,,,,,,,,
,,,,,,,,,,,,,,,,,,,
,,,,,,,,,,,,,,,,,,,
,,,,,,,,,,,,,,,,,,,
,,,,,,,,,,,,,,,,,,,
,,,,,,,,,,,,,,,,,,,
,,,,,,,,,,,,,,,,,,,
,,,,,,,,,,,,,,,,,,,
,,,,,,,,,,,,,,,,,,,
,,,,,,,,,,,,,,,,,,,
,,,,,,,,,,,,,,,,,,,
,,,,,,,,,,,,,,,,,,,
,,,,,,,,,,,,,,,,,,,
,,,,,,,,,,,,,,,,,,,
,,,,,,,,,,,,,,,,,,,
,,,,,,,,,,,,,,,,,,,
,,,,,,,,,,,,,,,,,,,
,,,,,,,,,,,,,,,,,,,
,,,,,,,,,,,,,,,,,,,
,,,,,,,,,,,,,,,,,,,
,,,,,,,,,,,,,,,,,,,
,,,,,,,,,,,,,,,,,,,
,,,,,,,,,,,,,,,,,,,
,,,,,,,,,,,,,,,,,,,
,,,,,,,,,,,,,,,,,,,
,,,,,,,,,,,,,,,,,,,
,,,,,,,,,,,,,,,,,,,
,,,,,,,,,,,,,,,,,,,
,,,,,,,,,,,,,,,,,,,
,,,,,,,,,,,,,,,,,,,
,,,,,,,,,,,,,,,,,,,
,,,,,,,,,,,,,,,,,,,
,,,,,,,,,,,,,,,,,,,
,,,,,,,,,,,,,,,,,,,
,,,,,,,,,,,,,,,,,,,
,,,,,,,,,,,,,,,,,,,
,,,,,,,,,,,,,,,,,,,
,,,,,,,,,,,,,,,,,,,
,,,,,,,,,,,,,,,,,,,
,,,,,,,,,,,,,,,,,,,
,,,,,,,,,,,,,,,,,,,
,,,,,,,,,,,,,,,,,,,
,,,,,,,,,,,,,,,,,,,
,,,,,,,,,,,,,,,,,,,
,,,,,,,,,,,,,,,,,,,
,,,,,,,,,,,,,,,,,,,
,,,,,,,,,,,,,,,,,,,
,,,,,,,,,,,,,,,,,,,
,,,,,,,,,,,,,,,,,,,
,,,,,,,,,,,,,,,,,,,
,,,,,,,,,,,,,,,,,,,
,,,,,,,,,,,,,,,,,,,
,,,,,,,,,,,,,,,,,,,
,,,,,,,,,,,,,,,,,,,
,,,,,,,,,,,,,,,,,,,
,,,,,,,,,,,,,,,,,,,
,,,,,,,,,,,,,,,,,,,
,,,,,,,,,,,,,,,,,,,
,,,,,,,,,,,,,,,,,,,
,,,,,,,,,,,,,,,,,,,
,,,,,,,,,,,,,,,,,,,
,,,,,,,,,,,,,,,,,,,
,,,,,,,,,,,,,,,,,,,
,,,,,,,,,,,,,,,,,,,
,,,,,,,,,,,,,,,,,,,
,,,,,,,,,,,,,,,,,,,
,,,,,,,,,,,,,,,,,,,
,,,,,,,,,,,,,,,,,,,
,,,,,,,,,,,,,,,,,,,
,,,,,,,,,,,,,,,,,,,
,,,,,,,,,,,,,,,,,,,
,,,,,,,,,,,,,,,,,,,
,,,,,,,,,,,,,,,,,,,
,,,,,,,,,,,,,,,,,,,
,,,,,,,,,,,,,,,,,,,
,,,,,,,,,,,,,,,,,,,
,,,,,,,,,,,,,,,,,,,
,,,,,,,,,,,,,,,,,,,
,,,,,,,,,,,,,,,,,,,
,,,,,,,,,,,,,,,,,,,
,,,,,,,,,,,,,,,,,,,
,,,,,,,,,,,,,,,,,,,
,,,,,,,,,,,,,,,,,,,
,,,,,,,,,,,,,,,,,,,
,,,,,,,,,,,,,,,,,,,
,,,,,,,,,,,,,,,,,,,
,,,,,,,,,,,,,,,,,,,
,,,,,,,,,,,,,,,,,,,
,,,,,,,,,,,,,,,,,,,
,,,,,,,,,,,,,,,,,,,
,,,,,,,,,,,,,,,,,,,
,,,,,,,,,,,,,,,,,,,
,,,,,,,,,,,,,,,,,,,
,,,,,,,,,,,,,,,,,,,
,,,,,,,,,,,,,,,,,,,
,,,,,,,,,,,,,,,,,,,
,,,,,,,,,,,,,,,,,,,
,,,,,,,,,,,,,,,,,,,
,,,,,,,,,,,,,,,,,,,
,,,,,,,,,,,,,,,,,,,
,,,,,,,,,,,,,,,,,,,
,,,,,,,,,,,,,,,,,,,
,,,,,,,,,,,,,,,,,,,
,,,,,,,,,,,,,,,,,,,
,,,,,,,,,,,,,,,,,,,
,,,,,,,,,,,,,,,,,,,
,,,,,,,,,,,,,,,,,,,
,,,,,,,,,,,,,,,,,,,
,,,,,,,,,,,,,,,,,,,
,,,,,,,,,,,,,,,,,,,
,,,,,,,,,,,,,,,,,,,
,,,,,,,,,,,,,,,,,,,
,,,,,,,,,,,,,,,,,,,
,,,,,,,,,,,,,,,,,,,
,,,,,,,,,,,,,,,,,,,
,,,,,,,,,,,,,,,,,,,
,,,,,,,,,,,,,,,,,,,
,,,,,,,,,,,,,,,,,,,
,,,,,,,,,,,,,,,,,,,
,,,,,,,,,,,,,,,,,,,
,,,,,,,,,,,,,,,,,,,
,,,,,,,,,,,,,,,,,,,
,,,,,,,,,,,,,,,,,,,
,,,,,,,,,,,,,,,,,,,
,,,,,,,,,,,,,,,,,,,
,,,,,,,,,,,,,,,,,,,
,,,,,,,,,,,,,,,,,,,
,,,,,,,,,,,,,,,,,,,
,,,,,,,,,,,,,,,,,,,
,,,,,,,,,,,,,,,,,,,
,,,,,,,,,,,,,,,,,,,
,,,,,,,,,,,,,,,,,,,
,,,,,,,,,,,,,,,,,,,
,,,,,,,,,,,,,,,,,,,
,,,,,,,,,,,,,,,,,,,
,,,,,,,,,,,,,,,,,,,
,,,,,,,,,,,,,,,,,,,
,,,,,,,,,,,,,,,,,,,
,,,,,,,,,,,,,,,,,,,
,,,,,,,,,,,,,,,,,,,
,,,,,,,,,,,,,,,,,,,
,,,,,,,,,,,,,,,,,,,
,,,,,,,,,,,,,,,,,,,
,,,,,,,,,,,,,,,,,,,
,,,,,,,,,,,,,,,,,,,
,,,,,,,,,,,,,,,,,,,
,,,,,,,,,,,,,,,,,,,
,,,,,,,,,,,,,,,,,,,
,,,,,,,,,,,,,,,,,,,
,,,,,,,,,,,,,,,,,,,
,,,,,,,,,,,,,,,,,,,
,,,,,,,,,,,,,,,,,,,
,,,,,,,,,,,,,,,,,,,
,,,,,,,,,,,,,,,,,,,
,,,,,,,,,,,,,,,,,,,
,,,,,,,,,,,,,,,,,,,
,,,,,,,,,,,,,,,,,,,
,,,,,,,,,,,,,,,,,,,
,,,,,,,,,,,,,,,,,,,
,,,,,,,,,,,,,,,,,,,
,,,,,,,,,,,,,,,,,,,
,,,,,,,,,,,,,,,,,,,
,,,,,,,,,,,,,,,,,,,
,,,,,,,,,,,,,,,,,,,
,,,,,,,,,,,,,,,,,,,
,,,,,,,,,,,,,,,,,,,
,,,,,,,,,,,,,,,,,,,
,,,,,,,,,,,,,,,,,,,
,,,,,,,,,,,,,,,,,,,
,,,,,,,,,,,,,,,,,,,
,,,,,,,,,,,,,,,,,,,
,,,,,,,,,,,,,,,,,,,
,,,,,,,,,,,,,,,,,,,
,,,,,,,,,,,,,,,,,,,
,,,,,,,,,,,,,,,,,,,
,,,,,,,,,,,,,,,,,,,
,,,,,,,,,,,,,,,,,,,
,,,,,,,,,,,,,,,,,,,
,,,,,,,,,,,,,,,,,,,
,,,,,,,,,,,,,,,,,,,
,,,,,,,,,,,,,,,,,,,
,,,,,,,,,,,,,,,,,,,
,,,,,,,,,,,,,,,,,,,
,,,,,,,,,,,,,,,,,,,
,,,,,,,,,,,,,,,,,,,
,,,,,,,,,,,,,,,,,,,
,,,,,,,,,,,,,,,,,,,
,,,,,,,,,,,,,,,,,,,
,,,,,,,,,,,,,,,,,,,
,,,,,,,,,,,,,,,,,,,
,,,,,,,,,,,,,,,,,,,
,,,,,,,,,,,,,,,,,,,
,,,,,,,,,,,,,,,,,,,
,,,,,,,,,,,,,,,,,,,
,,,,,,,,,,,,,,,,,,,
,,,,,,,,,,,,,,,,,,,
,,,,,,,,,,,,,,,,,,,
,,,,,,,,,,,,,,,,,,,
,,,,,,,,,,,,,,,,,,,
,,,,,,,,,,,,,,,,,,,
,,,,,,,,,,,,,,,,,,,
,,,,,,,,,,,,,,,,,,,
,,,,,,,,,,,,,,,,,,,
,,,,,,,,,,,,,,,,,,,
,,,,,,,,,,,,,,,,,,,
,,,,,,,,,,,,,,,,,,,
,,,,,,,,,,,,,,,,,,,
,,,,,,,,,,,,,,,,,,,
,,,,,,,,,,,,,,,,,,,
,,,,,,,,,,,,,,,,,,,
,,,,,,,,,,,,,,,,,,,
,,,,,,,,,,,,,,,,,,,
,,,,,,,,,,,,,,,,,,,
,,,,,,,,,,,,,,,,,,,
,,,,,,,,,,,,,,,,,,,
,,,,,,,,,,,,,,,,,,,
,,,,,,,,,,,,,,,,,,,
,,,,,,,,,,,,,,,,,,,
,,,,,,,,,,,,,,,,,,,
,,,,,,,,,,,,,,,,,,,
,,,,,,,,,,,,,,,,,,,
,,,,,,,,,,,,,,,,,,,
,,,,,,,,,,,,,,,,,,,
,,,,,,,,,,,,,,,,,,,
,,,,,,,,,,,,,,,,,,,
,,,,,,,,,,,,,,,,,,,
,,,,,,,,,,,,,,,,,,,
,,,,,,,,,,,,,,,,,,,
,,,,,,,,,,,,,,,,,,,
,,,,,,,,,,,,,,,,,,,
,,,,,,,,,,,,,,,,,,,
,,,,,,,,,,,,,,,,,,,
,,,,,,,,,,,,,,,,,,,
,,,,,,,,,,,,,,,,,,,
,,,,,,,,,,,,,,,,,,,
,,,,,,,,,,,,,,,,,,,
,,,,,,,,,,,,,,,,,,,
,,,,,,,,,,,,,,,,,,,
,,,,,,,,,,,,,,,,,,,
,,,,,,,,,,,,,,,,,,,
,,,,,,,,,,,,,,,,,,,
,,,,,,,,,,,,,,,,,,,
,,,,,,,,,,,,,,,,,,,
,,,,,,,,,,,,,,,,,,,
,,,,,,,,,,,,,,,,,,,
,,,,,,,,,,,,,,,,,,,
,,,,,,,,,,,,,,,,,,,
,,,,,,,,,,,,,,,,,,,
,,,,,,,,,,,,,,,,,,,
,,,,,,,,,,,,,,,,,,,
,,,,,,,,,,,,,,,,,,,
,,,,,,,,,,,,,,,,,,,
,,,,,,,,,,,,,,,,,,,
,,,,,,,,,,,,,,,,,,,
,,,,,,,,,,,,,,,,,,,
,,,,,,,,,,,,,,,,,,,
,,,,,,,,,,,,,,,,,,,
,,,,,,,,,,,,,,,,,,,
,,,,,,,,,,,,,,,,,,,
,,,,,,,,,,,,,,,,,,,
,,,,,,,,,,,,,,,,,,,
,,,,,,,,,,,,,,,,,,,
,,,,,,,,,,,,,,,,,,,
,,,,,,,,,,,,,,,,,,,
,,,,,,,,,,,,,,,,,,,
,,,,,,,,,,,,,,,,,,,
,,,,,,,,,,,,,,,,,,,
,,,,,,,,,,,,,,,,,,,
,,,,,,,,,,,,,,,,,,,
,,,,,,,,,,,,,,,,,,,
,,,,,,,,,,,,,,,,,,,
,,,,,,,,,,,,,,,,,,,
,,,,,,,,,,,,,,,,,,,
,,,,,,,,,,,,,,,,,,,
,,,,,,,,,,,,,,,,,,,
,,,,,,,,,,,,,,,,,,,
,,,,,,,,,,,,,,,,,,,
,,,,,,,,,,,,,,,,,,,
,,,,,,,,,,,,,,,,,,,
,,,,,,,,,,,,,,,,,,,
,,,,,,,,,,,,,,,,,,,
,,,,,,,,,,,,,,,,,,,
,,,,,,,,,,,,,,,,,,,
,,,,,,,,,,,,,,,,,,,
,,,,,,,,,,,,,,,,,,,
,,,,,,,,,,,,,,,,,,,
,,,,,,,,,,,,,,,,,,,
,,,,,,,,,,,,,,,,,,,
,,,,,,,,,,,,,,,,,,,
,,,,,,,,,,,,,,,,,,,
,,,,,,,,,,,,,,,,,,,
,,,,,,,,,,,,,,,,,,,
,,,,,,,,,,,,,,,,,,,
,,,,,,,,,,,,,,,,,,,
,,,,,,,,,,,,,,,,,,,
,,,,,,,,,,,,,,,,,,,
,,,,,,,,,,,,,,,,,,,
,,,,,,,,,,,,,,,,,,,
,,,,,,,,,,,,,,,,,,,
,,,,,,,,,,,,,,,,,,,
,,,,,,,,,,,,,,,,,,,
,,,,,,,,,,,,,,,,,,,
,,,,,,,,,,,,,,,,,,,
,,,,,,,,,,,,,,,,,,,
,,,,,,,,,,,,,,,,,,,
,,,,,,,,,,,,,,,,,,,
,,,,,,,,,,,,,,,,,,,
,,,,,,,,,,,,,,,,,,,
,,,,,,,,,,,,,,,,,,,
,,,,,,,,,,,,,,,,,,,
,,,,,,,,,,,,,,,,,,,
,,,,,,,,,,,,,,,,,,,
,,,,,,,,,,,,,,,,,,,
,,,,,,,,,,,,,,,,,,,
,,,,,,,,,,,,,,,,,,,
,,,,,,,,,,,,,,,,,,,
,,,,,,,,,,,,,,,,,,,
,,,,,,,,,,,,,,,,,,,
,,,,,,,,,,,,,,,,,,,
,,,,,,,,,,,,,,,,,,,
,,,,,,,,,,,,,,,,,,,
,,,,,,,,,,,,,,,,,,,
,,,,,,,,,,,,,,,,,,,
,,,,,,,,,,,,,,,,,,,
,,,,,,,,,,,,,,,,,,,
,,,,,,,,,,,,,,,,,,,
,,,,,,,,,,,,,,,,,,,
,,,,,,,,,,,,,,,,,,,
,,,,,,,,,,,,,,,,,,,
,,,,,,,,,,,,,,,,,,,
,,,,,,,,,,,,,,,,,,,
,,,,,,,,,,,,,,,,,,,
,,,,,,,,,,,,,,,,,,,
,,,,,,,,,,,,,,,,,,,
,,,,,,,,,,,,,,,,,,,
,,,,,,,,,,,,,,,,,,,
,,,,,,,,,,,,,,,,,,,
,,,,,,,,,,,,,,,,,,,
,,,,,,,,,,,,,,,,,,,
,,,,,,,,,,,,,,,,,,,
,,,,,,,,,,,,,,,,,,,
,,,,,,,,,,,,,,,,,,,
,,,,,,,,,,,,,,,,,,,
,,,,,,,,,,,,,,,,,,,
,,,,,,,,,,,,,,,,,,,
,,,,,,,,,,,,,,,,,,,
,,,,,,,,,,,,,,,,,,,
,,,,,,,,,,,,,,,,,,,
,,,,,,,,,,,,,,,,,,,
,,,,,,,,,,,,,,,,,,,
,,,,,,,,,,,,,,,,,,,
,,,,,,,,,,,,,,,,,,,
,,,,,,,,,,,,,,,,,,,
,,,,,,,,,,,,,,,,,,,
,,,,,,,,,,,,,,,,,,,
,,,,,,,,,,,,,,,,,,,
,,,,,,,,,,,,,,,,,,,
,,,,,,,,,,,,,,,,,,,
,,,,,,,,,,,,,,,,,,,
,,,,,,,,,,,,,,,,,,,
,,,,,,,,,,,,,,,,,,,
,,,,,,,,,,,,,,,,,,,
,,,,,,,,,,,,,,,,,,,
,,,,,,,,,,,,,,,,,,,
,,,,,,,,,,,,,,,,,,,
,,,,,,,,,,,,,,,,,,,
,,,,,,,,,,,,,,,,,,,
,,,,,,,,,,,,,,,,,,,
,,,,,,,,,,,,,,,,,,,
,,,,,,,,,,,,,,,,,,,
,,,,,,,,,,,,,,,,,,,
,,,,,,,,,,,,,,,,,,,
,,,,,,,,,,,,,,,,,,,
,,,,,,,,,,,,,,,,,,,
,,,,,,,,,,,,,,,,,,,
,,,,,,,,,,,,,,,,,,,
,,,,,,,,,,,,,,,,,,,
,,,,,,,,,,,,,,,,,,,
,,,,,,,,,,,,,,,,,,,
,,,,,,,,,,,,,,,,,,,
,,,,,,,,,,,,,,,,,,,
,,,,,,,,,,,,,,,,,,,
,,,,,,,,,,,,,,,,,,,
,,,,,,,,,,,,,,,,,,,
,,,,,,,,,,,,,,,,,,,
,,,,,,,,,,,,,,,,,,,
,,,,,,,,,,,,,,,,,,,
,,,,,,,,,,,,,,,,,,,
,,,,,,,,,,,,,,,,,,,
,,,,,,,,,,,,,,,,,,,
,,,,,,,,,,,,,,,,,,,
,,,,,,,,,,,,,,,,,,,
,,,,,,,,,,,,,,,,,,,
,,,,,,,,,,,,,,,,,,,
,,,,,,,,,,,,,,,,,,,
,,,,,,,,,,,,,,,,,,,
,,,,,,,,,,,,,,,,,,,
,,,,,,,,,,,,,,,,,,,
,,,,,,,,,,,,,,,,,,,
,,,,,,,,,,,,,,,,,,,
,,,,,,,,,,,,,,,,,,,
,,,,,,,,,,,,,,,,,,,
,,,,,,,,,,,,,,,,,,,
,,,,,,,,,,,,,,,,,,,
,,,,,,,,,,,,,,,,,,,
,,,,,,,,,,,,,,,,,,,
,,,,,,,,,,,,,,,,,,,
,,,,,,,,,,,,,,,,,,,
,,,,,,,,,,,,,,,,,,,
,,,,,,,,,,,,,,,,,,,
,,,,,,,,,,,,,,,,,,,
,,,,,,,,,,,,,,,,,,,
,,,,,,,,,,,,,,,,,,,
,,,,,,,,,,,,,,,,,,,
,,,,,,,,,,,,,,,,,,,
,,,,,,,,,,,,,,,,,,,
,,,,,,,,,,,,,,,,,,,
,,,,,,,,,,,,,,,,,,,
,,,,,,,,,,,,,,,,,,,
,,,,,,,,,,,,,,,,,,,
,,,,,,,,,,,,,,,,,,,
,,,,,,,,,,,,,,,,,,,
,,,,,,,,,,,,,,,,,,,
,,,,,,,,,,,,,,,,,,,
,,,,,,,,,,,,,,,,,,,
,,,,,,,,,,,,,,,,,,,
,,,,,,,,,,,,,,,,,,,
,,,,,,,,,,,,,,,,,,,
,,,,,,,,,,,,,,,,,,,
,,,,,,,,,,,,,,,,,,,
,,,,,,,,,,,,,,,,,,,
,,,,,,,,,,,,,,,,,,,
,,,,,,,,,,,,,,,,,,,
,,,,,,,,,,,,,,,,,,,
,,,,,,,,,,,,,,,,,,,
,,,,,,,,,,,,,,,,,,,
,,,,,,,,,,,,,,,,,,,
,,,,,,,,,,,,,,,,,,,
,,,,,,,,,,,,,,,,,,,
,,,,,,,,,,,,,,,,,,,
,,,,,,,,,,,,,,,,,,,
,,,,,,,,,,,,,,,,,,,
,,,,,,,,,,,,,,,,,,,
,,,,,,,,,,,,,,,,,,,
,,,,,,,,,,,,,,,,,,,
,,,,,,,,,,,,,,,,,,,
,,,,,,,,,,,,,,,,,,,
,,,,,,,,,,,,,,,,,,,
,,,,,,,,,,,,,,,,,,,
,,,,,,,,,,,,,,,,,,,
,,,,,,,,,,,,,,,,,,,
,,,,,,,,,,,,,,,,,,,
,,,,,,,,,,,,,,,,,,,
,,,,,,,,,,,,,,,,,,,
,,,,,,,,,,,,,,,,,,,
,,,,,,,,,,,,,,,,,,,
,,,,,,,,,,,,,,,,,,,
,,,,,,,,,,,,,,,,,,,
,,,,,,,,,,,,,,,,,,,
,,,,,,,,,,,,,,,,,,,
,,,,,,,,,,,,,,,,,,,
,,,,,,,,,,,,,,,,,,,
,,,,,,,,,,,,,,,,,,,
,,,,,,,,,,,,,,,,,,,
,,,,,,,,,,,,,,,,,,,
,,,,,,,,,,,,,,,,,,,
,,,,,,,,,,,,,,,,,,,
,,,,,,,,,,,,,,,,,,,
,,,,,,,,,,,,,,,,,,,
,,,,,,,,,,,,,,,,,,,
,,,,,,,,,,,,,,,,,,,
,,,,,,,,,,,,,,,,,,,
,,,,,,,,,,,,,,,,,,,
,,,,,,,,,,,,,,,,,,,
,,,,,,,,,,,,,,,,,,,
,,,,,,,,,,,,,,,,,,,
,,,,,,,,,,,,,,,,,,,
,,,,,,,,,,,,,,,,,,,
,,,,,,,,,,,,,,,,,,,
,,,,,,,,,,,,,,,,,,,
,,,,,,,,,,,,,,,,,,,
,,,,,,,,,,,,,,,,,,,
,,,,,,,,,,,,,,,,,,,
,,,,,,,,,,,,,,,,,,,
,,,,,,,,,,,,,,,,,,,
,,,,,,,,,,,,,,,,,,,
,,,,,,,,,,,,,,,,,,,
,,,,,,,,,,,,,,,,,,,
,,,,,,,,,,,,,,,,,,,
,,,,,,,,,,,,,,,,,,,
,,,,,,,,,,,,,,,,,,,
,,,,,,,,,,,,,,,,,,,
,,,,,,,,,,,,,,,,,,,
,,,,,,,,,,,,,,,,,,,
,,,,,,,,,,,,,,,,,,,
,,,,,,,,,,,,,,,,,,,
,,,,,,,,,,,,,,,,,,,
,,,,,,,,,,,,,,,,,,,
,,,,,,,,,,,,,,,,,,,
,,,,,,,,,,,,,,,,,,,
,,,,,,,,,,,,,,,,,,,
,,,,,,,,,,,,,,,,,,,
,,,,,,,,,,,,,,,,,,,
,,,,,,,,,,,,,,,,,,,
,,,,,,,,,,,,,,,,,,,
,,,,,,,,,,,,,,,,,,,
,,,,,,,,,,,,,,,,,,,
,,,,,,,,,,,,,,,,,,,
,,,,,,,,,,,,,,,,,,,
,,,,,,,,,,,,,,,,,,,
,,,,,,,,,,,,,,,,,,,
,,,,,,,,,,,,,,,,,,,
,,,,,,,,,,,,,,,,,,,
,,,,,,,,,,,,,,,,,,,
,,,,,,,,,,,,,,,,,,,
,,,,,,,,,,,,,,,,,,,
,,,,,,,,,,,,,,,,,,,
,,,,,,,,,,,,,,,,,,,
,,,,,,,,,,,,,,,,,,,
,,,,,,,,,,,,,,,,,,,
,,,,,,,,,,,,,,,,,,,
,,,,,,,,,,,,,,,,,,,
,,,,,,,,,,,,,,,,,,,
,,,,,,,,,,,,,,,,,,,
,,,,,,,,,,,,,,,,,,,
,,,,,,,,,,,,,,,,,,,
,,,,,,,,,,,,,,,,,,,
,,,,,,,,,,,,,,,,,,,
,,,,,,,,,,,,,,,,,,,
,,,,,,,,,,,,,,,,,,,
,,,,,,,,,,,,,,,,,,,
,,,,,,,,,,,,,,,,,,,
,,,,,,,,,,,,,,,,,,,
,,,,,,,,,,,,,,,,,,,
,,,,,,,,,,,,,,,,,,,
,,,,,,,,,,,,,,,,,,,
,,,,,,,,,,,,,,,,,,,
,,,,,,,,,,,,,,,,,,,
,,,,,,,,,,,,,,,,,,,
,,,,,,,,,,,,,,,,,,,
,,,,,,,,,,,,,,,,,,,
,,,,,,,,,,,,,,,,,,,
,,,,,,,,,,,,,,,,,,,
,,,,,,,,,,,,,,,,,,,
,,,,,,,,,,,,,,,,,,,
,,,,,,,,,,,,,,,,,,,
,,,,,,,,,,,,,,,,,,,
,,,,,,,,,,,,,,,,,,,
,,,,,,,,,,,,,,,,,,,
,,,,,,,,,,,,,,,,,,,
,,,,,,,,,,,,,,,,,,,
,,,,,,,,,,,,,,,,,,,
,,,,,,,,,,,,,,,,,,,
,,,,,,,,,,,,,,,,,,,
,,,,,,,,,,,,,,,,,,,
,,,,,,,,,,,,,,,,,,,
,,,,,,,,,,,,,,,,,,,
,,,,,,,,,,,,,,,,,,,
,,,,,,,,,,,,,,,,,,,
,,,,,,,,,,,,,,,,,,,
,,,,,,,,,,,,,,,,,,,
,,,,,,,,,,,,,,,,,,,